INSERT INTO dishes (name, description, type, category, preparation_minutes, base_price) VALUES
('Bruschetta Clásica', 'Pan tostado con tomate fresco, albahaca y ajo', 'Appetizer', 'Pasta', 10, 35.00),
('Calamares Fritos', 'Calamares rebozados con salsa tártara', 'Appetizer', 'Seafood', 15, 55.00),
('Queso Fundido', 'Queso derretido con chorizo y tortillas', 'Appetizer', 'Grill', 12, 45.00),
('Rollitos de Primavera', 'Vegetales frescos envueltos en pasta filo', 'Appetizer', 'Salads', 10, 40.00),
('Alitas BBQ', 'Alitas de pollo con salsa barbacoa', 'Appetizer', 'Grill', 15, 50.00),
('Ceviche Clásico', 'Pescado marinado en limón con cebolla', 'Appetizer', 'Seafood', 20, 60.00),
('Hummus con Pan Pita', 'Puré de garbanzos con especias', 'Appetizer', 'Salads', 5, 30.00),
('Nachos Supremos', 'Totopos con queso, frijoles y guacamole', 'Appetizer', 'Grill', 10, 48.00),
('Ensalada César Mini', 'Versión pequeña de la clásica ensalada', 'Appetizer', 'Salads', 8, 38.00),
('Empanadas de Carne', 'Masa rellena de carne sazonada', 'Appetizer', 'Grill', 15, 42.00),
('Ensalada César', 'Lechuga romana, croutons, parmesano y aderezo', 'Main', 'Salads', 10, 75.00),
('Ensalada Griega', 'Tomate, pepino, aceitunas y queso feta', 'Main', 'Salads', 12, 80.00),
('Ensalada de Quinoa', 'Quinoa con vegetales frescos y aderezo de limón', 'Main', 'Salads', 15, 85.00),
('Ensalada Cobb', 'Pollo, aguacate, huevo y tocino', 'Main', 'Salads', 15, 90.00),
('Ensalada de Salmón', 'Salmón ahumado con espinacas y aderezo de mostaza', 'Main', 'Salads', 18, 120.00),
('Spaghetti Bolognese', 'Pasta con salsa de carne tradicional', 'Main', 'Pasta', 20, 85.00),
('Lasagna Clásica', 'Capas de pasta con carne y queso', 'Main', 'Pasta', 30, 95.00),
('Fettuccine Alfredo', 'Pasta con salsa cremosa de queso', 'Main', 'Pasta', 15, 90.00),
('Penne al Pesto', 'Pasta con salsa de albahaca y piñones', 'Main', 'Pasta', 15, 88.00),
('Ravioli de Ricotta', 'Pasta rellena de queso con salsa de tomate', 'Main', 'Pasta', 20, 92.00),
('Filete Mignon', 'Corte premium de res con guarniciones', 'Main', 'Grill', 25, 150.00),
('Pollo a la Parrilla', 'Pechuga de pollo con especias', 'Main', 'Grill', 20, 75.00),
('Costillas BBQ', 'Costillas de cerdo con salsa barbacoa', 'Main', 'Grill', 30, 130.00),
('Hamburguesa Gourmet', 'Carne de res con queso y toppings premium', 'Main', 'Grill', 15, 85.00),
('Chuleta de Cerdo', 'Chuleta jugosa con salsa de champiñones', 'Main', 'Grill', 25, 95.00),
('Sopa de Tortilla', 'Sopa tradicional con tortilla y aguacate', 'Main', 'Soup', 20, 65.00),
('Sopa de Cebolla', 'Sopa gratinada con queso y pan', 'Main', 'Soup', 25, 70.00),
('Sopa Minestrone', 'Sopa italiana de vegetales y pasta', 'Main', 'Soup', 30, 68.00),
('Sopa de Mariscos', 'Mezcla de mariscos en caldo aromático', 'Main', 'Soup', 35, 110.00),
('Caldo de Res', 'Caldo tradicional con verduras y carne', 'Main', 'Soup', 40, 75.00),
('Camarones al Ajillo', 'Camarones salteados con ajo y perejil', 'Main', 'Seafood', 20, 140.00),
('Pescado a la Veracruzana', 'Filete de pescado con salsa de tomate', 'Main', 'Seafood', 25, 125.00),
('Paella Valenciana', 'Arroz con mariscos, pollo y chorizo', 'Main', 'Seafood', 45, 145.00),
('Pulpo a la Gallega', 'Pulpo cocido con papas y pimentón', 'Main', 'Seafood', 35, 135.00),
('Salmon a la Parrilla', 'Filete de salmón con vegetales asados', 'Main', 'Seafood', 20, 130.00),
('Tiramisú', 'Postre italiano con café y mascarpone', 'Dessert', 'Pasta', 15, 45.00),
('Cheesecake Clásico', 'Tarta de queso con base de galleta', 'Dessert', 'Pasta', 10, 40.00),
('Flan de Vainilla', 'Postre de huevo con caramelo', 'Dessert', 'Pasta', 20, 30.00),
('Brownie con Helado', 'Brownie caliente con helado de vainilla', 'Dessert', 'Pasta', 5, 50.00),
('Mousse de Chocolate', 'Espuma ligera de chocolate negro', 'Dessert', 'Pasta', 15, 35.00),
('Crepa de Nutella', 'Crepe rellena de Nutella y frutas', 'Dessert', 'Pasta', 10, 48.00),
('Profiteroles', 'Bolitas de hojaldre con crema pastelera', 'Dessert', 'Pasta', 20, 42.00),
('Pastel Tres Leches', 'Bizcocho empapado en tres leches', 'Dessert', 'Pasta', 15, 38.00),
('Helado Artesanal', 'Helado de sabores premium', 'Dessert', 'Pasta', 5, 35.00),
('Fruta de Temporada', 'Selección de frutas frescas', 'Dessert', 'Salads', 5, 25.00),
('Volcán de Chocolate', 'Pastel con centro líquido de chocolate', 'Dessert', 'Pasta', 15, 55.00),
('Coulant de Queso', 'Pastel con centro cremoso de queso', 'Dessert', 'Pasta', 15, 50.00),
('Tarta de Manzana', 'Tarta tradicional con manzanas caramelizadas', 'Dessert', 'Pasta', 25, 45.00),
('Churros con Chocolate', 'Churros crujientes con salsa de chocolate', 'Dessert', 'Pasta', 15, 40.00),
('Alfajores', 'Galletas rellenas de dulce de leche', 'Dessert', 'Pasta', 10, 30.00),
('Limonada Natural', 'Limonada fresca con hierbabuena', 'Beverage', 'Salads', 5, 20.00),
('Jamaica', 'Refresco de flor de jamaica', 'Beverage', 'Salads', 5, 18.00),
('Horchata', 'Bebida de arroz con canela', 'Beverage', 'Salads', 5, 22.00),
('Café Americano', 'Café negro tradicional', 'Beverage', 'Salads', 5, 15.00),
('Café Capuchino', 'Café con leche vaporizada y espuma', 'Beverage', 'Salads', 10, 25.00),
('Té Helado', 'Té negro con limón y hielo', 'Beverage', 'Salads', 5, 18.00),
('Smoothie de Frutas', 'Mezcla de frutas naturales', 'Beverage', 'Salads', 10, 30.00),
('Chocolate Caliente', 'Chocolate espeso y cremoso', 'Beverage', 'Salads', 10, 22.00),
('Agua Mineral', 'Agua gasificada natural', 'Beverage', 'Salads', 1, 15.00),
('Refresco de Cola', 'Refresco de cola regular', 'Beverage', 'Salads', 1, 18.00),
('Jugo de Naranja', 'Jugo natural recién exprimido', 'Beverage', 'Salads', 10, 25.00),
('Michelada Clásica', 'Cerveza preparada con limón y sal', 'Beverage', 'Salads', 5, 35.00),
('Margarita Tradicional', 'Cóctel de tequila con limón', 'Beverage', 'Salads', 10, 45.00),
('Mojito Cubano', 'Ron con menta, limón y soda', 'Beverage', 'Salads', 10, 40.00),
('Vino Tinto Copa', 'Copa de vino tinto de la casa', 'Beverage', 'Salads', 2, 35.00),
('Cerveza Nacional', 'Cerveza rubia local', 'Beverage', 'Salads', 1, 25.00),
('Cerveza Artesanal', 'Cerveza premium de especialidad', 'Beverage', 'Salads', 1, 35.00),
('Cóctel sin Alcohol', 'Mezcla de jugos y sodas', 'Beverage', 'Salads', 5, 28.00),
('Café Irlandés', 'Café con whiskey y crema', 'Beverage', 'Salads', 10, 38.00),
('Té Chai', 'Té especiado con leche', 'Beverage', 'Salads', 5, 22.00);

INSERT INTO suppliers (name, phone, address) VALUES
('Distribuidora Alimenticia S.A.', '12345678', 'Calzada Roosevelt 25-36, Zona 11, Ciudad de Guatemala'),
('Carnicería El Ganadero', '23456789', '5ta avenida 8-71, Zona 1, Quetzaltenango'),
('Mariscos del Pacífico', '34567890', 'Carretera a Puerto San José, km 85, Escuintla'),
('Frutas y Verduras Frescas', '45678901', 'Mercado La Terminal, Local 45, Quetzaltenango'),
('Lácteos Santa María', '56789012', 'Ruta al Atlántico, km 23, El Progreso'),
('Panadería La Espiga', '67890123', '6ta calle 3-45, Zona 2, Antigua Guatemala'),
('Bebidas y Refrescos S.A.', '78901234', 'Calzada San Juan 12-64, Zona 7, Ciudad de Guatemala'),
('Especias y Condimentos Don José', '89012345', '4ta avenida 5-23, Zona 3, Chimaltenango'),
('Distribuidora de Café Maya', '90123456', 'Alameda Santa Lucía 7-89, Zona 1, Huehuetenango'),
('Carnes Premium GT', '01234567', 'Boulevard Los Próceres 15-67, Zona 10, Ciudad de Guatemala'),
('Pescadería La Bahía', '11223344', 'Carretera a Champerico, km 12, Retalhuleu'),
('Granos Básicos Nacionales', '22334455', 'Mercado Central, Local 112, Zona 1, Ciudad de Guatemala'),
('Distribuidora de Vinos y Licores', '33445566', '15 avenida 6-78, Zona 9, Ciudad de Guatemala'),
('Quesos Artesanales Doña Lupe', '44556677', 'Aldea San Antonio, km 14.5, Sacatepéquez'),
('Huevos y Avícolas San Martín', '55667788', 'Carretera a El Salvador, km 32, Jutiapa'),
('Vegetales Orgánicos Valle Verde', '66778899', 'Ruta a Cobán, km 210, Alta Verapaz'),
('Café de Especialidad Boja', '77889900', '8va calle 4-56, Zona 2, Cobán'),
('Distribuidora de Harinas S.A.', '88990011', 'Calzada Aguilar Batres 32-21, Zona 12, Ciudad de Guatemala'),
('Carnicería El Torito', '99001122', '3ra avenida 7-89, Zona 1, Mazatenango'),
('Mariscos del Caribe', '10101010', 'Puerto Barrios, Calle Principal, Izabal'),
('Productos Congelados Polar', '20202020', '9na avenida 11-34, Zona 5, Mixco'),
('Distribuidora de Agua Pura', '30303030', 'Carretera a San Lucas, km 18, Sacatepéquez'),
('Dulces y Postres La Antigua', '40404040', '1ra calle Oriente 15, Antigua Guatemala'),
('Abarrotería El Buen Precio', '50505050', '5ta calle 8-90, Zona 3, Sololá'),
('Cervecería Artesanal Chapina', '60606060', '12 avenida 4-56, Zona 10, Ciudad de Guatemala'),
('Distribuidora de Pollo Fresco', '70707070', 'Ruta al Pacífico, km 25, Santa Lucía Cotzumalguapa'),
('Importadora de Alimentos Selectos', '80808080', 'Boulevard Vista Hermosa 34-12, Zona 15, Ciudad de Guatemala'),
('Tortillería La Abuelita', '90909090', 'Avenida Elena 7-89, Zona 6, Quetzaltenango'),
('Distribuidora de Frutas Tropicales', '12121212', 'Carretera CA-9, km 127, Zacapa'),
('Cárnicos San Carlos', '23232323', '4ta calle 12-45, Zona 2, Chiquimula'),
('Pescados y Mariscos Frescos', '34343434', 'Carretera a Iztapa, km 98, Santa Rosa'),
('Distribuidora de Quesos Internacionales', '45454545', '7ma avenida 14-56, Zona 9, Ciudad de Guatemala'),
('Especias La Oriental', '56565656', 'Mercado Municipal, Local 78, Zona 1, Jalapa'),
('Panadería y Pastelería Francesa', '67676767', '6ta avenida Norte 15, Antigua Guatemala'),
('Distribuidora de Vinos Finos', '78787878', '16 calle 4-56, Zona 14, Ciudad de Guatemala'),
('Café Gourmet de Antigua', '89898989', 'Calle del Arco 34, Antigua Guatemala'),
('Carnicería Don Pedro', '13131313', '3ra avenida 5-67, Zona 1, Totonicapán'),
('Distribuidora de Embutidos', '24242424', 'Ruta CA-1, km 142, El Tejar, Chimaltenango'),
('Productos Lácteos La Vaquita', '35353535', 'Carretera a Sanarate, km 52, El Progreso'),
('Distribuidora de Agua Embotellada', '46464646', '10ma calle 12-34, Zona 4, Villa Nueva'),
('Importadora de Alimentos Asiáticos', '57575757', '5ta avenida 15-90, Zona 10, Ciudad de Guatemala'),
('Distribuidora de Chocolate Artesanal', '68686868', 'Calle Real 7-89, Zona 1, Antigua Guatemala'),
('Carnes Selectas El Rancho', '79797979', 'Carretera a Petén, km 245, Flores'),
('Pescadería El Delfín', '14141414', '8va calle 3-45, Zona 2, Puerto San José'),
('Distribuidora de Frutas Secas', '25252525', 'Mercado Central, Local 203, Zona 1, Quetzaltenango'),
('Productos Orgánicos Maya', '36363636', 'Carretera a Panajachel, km 85, Sololá'),
('Distribuidora de Vinos y Licores Premium', '47474747', 'Avenida Las Américas 12-45, Zona 13, Ciudad de Guatemala'),
('Café de Altura Huehuetenango', '58585858', '5ta calle 8-90, Zona 1, Huehuetenango'),
('Carnicería Los Almendros', '69696969', '4ta avenida 6-78, Zona 3, Coatepeque'),
('Mariscos y Pescados Frescos', '15151515', 'Carretera a Monterrico, km 110, Santa Rosa'),
('Distribuidora de Abarrotes Don Chepe', '26262626', '6ta avenida 9-87, Zona 1, Retalhuleu'),
('Quesos y Lácteos San Antonio', '37373737', 'Aldea San Antonio Aguas Calientes, Sacatepéquez'),
('Importadora de Productos Italianos', '48484848', 'Boulevard Los Próceres 25-67, Zona 10, Ciudad de Guatemala'),
('Distribuidora de Carnes Frías', '59595959', '9na calle 10-45, Zona 1, Mazatenango'),
('Panadería Industrial Moderna', '16161616', 'Calzada San Juan 34-56, Zona 7, Ciudad de Guatemala'),
('Bebidas Naturales y Jugos', '27272727', '3ra avenida 12-34, Zona 2, Escuintla'),
('Distribuidora de Especias La Guadalupana', '38383838', 'Mercado La Concordia, Local 56, Zona 1, Ciudad de Guatemala'),
('Productos del Mar S.A.', '49494949', 'Puerto Quetzal, Muelle 3, Escuintla'),
('Carnicería El Rodeo', '17171717', '7ma avenida 4-56, Zona 1, San Marcos'),
('Distribuidora de Vegetales Congelados', '28282828', 'Ruta al Atlántico, km 102, Río Hondo, Zacapa'),
('Café Orgánico de Atitlán', '39393939', 'Calle Santander, Panajachel, Sololá'),
('Importadora de Vinos Españoles', '18181818', 'Avenida Reforma 8-90, Zona 9, Ciudad de Guatemala'),
('Distribuidora de Pollo y Huevo', '29292929', 'Carretera a El Salvador, km 18, Barberena'),
('Productos Lácteos La Pradera', '19191919', '2da avenida 5-67, Zona 4, Jalapa'),
('Carnes y Embutidos San Martín', '12122121', '5ta calle 7-89, Zona 3, Cuilapa'),
('Distribuidora de Mariscos del Golfo', '23233232', 'Carretera a Livingston, km 275, Izabal'),
('Panadería y Repostería Alemana', '34344343', '4ta avenida Norte 12, Antigua Guatemala'),
('Importadora de Productos Americanos', '45455454', 'Calzada Roosevelt 32-45, Zona 11, Ciudad de Guatemala'),
('Distribuidora de Quesos Europeos', '56566565', '16 calle 5-67, Zona 10, Ciudad de Guatemala'),
('Carnicería La Especial', '67677676', '8va avenida 9-01, Zona 1, Chichicastenango'),
('Productos del Campo S.A.', '78788787', 'Carretera a Cobán, km 167, San Pedro Carchá'),
('Distribuidora de Bebidas Energéticas', '89899898', 'Boulevard Los Próceres 18-34, Zona 10, Ciudad de Guatemala'),
('Café de Especialidad La Meseta', '91999199', '6ta calle 4-56, Zona 1, San Marcos'),
('Importadora de Vinos Italianos', '12121213', 'Avenida La Castellana 15-67, Zona 14, Ciudad de Guatemala'),
('Distribuidora de Carnes Premium', '23232324', 'Ruta al Pacífico, km 45, Siquinalá');

INSERT INTO ingredients (name, unit_measure, id_supplier) VALUES
('Tomate', 'kg', 3),
('Sal', 'g', 4),
('Aceite de oliva', 'ml', 1),
('Ajo', 'unit', 12),
('Cebolla', 'kg', 3),
('Pimienta negra', 'g', 4),
('Chile en polvo', 'g', 7),
('Comino', 'g', 10),
('Pimentón', 'g', 10),
('Orégano', 'g', 8),
('Albahaca', 'g', 8),
('Azúcar', 'kg', 15),
('Vinagre', 'ml', 1),
('Cilantro', 'g', 10),
('Jengibre', 'g', 16),
('Canela', 'g', 16),
('Semillas de mostaza', 'g', 16),
('Hojas de laurel', 'g', 10),
('Cúrcuma', 'g', 17),
('Nuez moscada', 'g', 18),
('Clavos de olor', 'g', 18),
('Jugo de limón', 'ml', 20),
('Salsa de soya', 'ml', 20),
('Salsa inglesa', 'ml', 21),
('Melaza', 'ml', 22),
('Azúcar morena', 'kg', 15),
('Perejil', 'g', 10),
('Harina de trigo', 'kg', 23),
('Aceite vegetal', 'ml', 1),
('Sémola', 'kg', 24),
('Vinagre balsámico', 'ml', 25),
('Miel', 'ml', 26),
('Agua purificada', 'l', 27),
('Extracto de vainilla', 'ml', 28),
('Maicena', 'g', 29),
('Levadura', 'g', 30),
('Huevo', 'unit', 31),
('Leche', 'l', 32),
('Queso parmesano', 'kg', 33),
('Queso mozzarella', 'kg', 33),
('Crema', 'ml', 34),
('Mantequilla', 'kg', 34),
('Yogur', 'ml', 34),
('Zanahoria', 'kg', 35),
('Papa', 'kg', 35),
('Apio', 'kg', 36),
('Espinaca', 'kg', 37),
('Brócoli', 'kg', 37),
('Calabacín', 'kg', 37),
('Champiñones', 'kg', 38),
('Pepino', 'kg', 38),
('Lechuga', 'kg', 39),
('Repollo', 'kg', 39),
('Rábano', 'kg', 39),
('Remolacha', 'kg', 40),
('Berenjena', 'kg', 40),
('Pimiento rojo', 'kg', 41),
('Pimiento verde', 'kg', 41),
('Pimiento amarillo', 'kg', 41),
('Manzana', 'kg', 42),
('Plátano', 'kg', 42),
('Naranja', 'kg', 42),
('Piña', 'kg', 43),
('Sandía', 'kg', 43),
('Melón', 'kg', 43),
('Uvas', 'kg', 44),
('Fresas', 'kg', 44),
('Arándanos', 'kg', 44),
('Lentejas', 'kg', 45),
('Frijoles negros', 'kg', 45),
('Garbanzos', 'kg', 45),
('Arroz', 'kg', 46),
('Pasta', 'kg', 46);

INSERT INTO dish_ingredients (id_ingredient, id_dish, quantity) VALUES
(1, 1, 0.50),
(2, 1, 5.00),
(3, 1, 15.00),
(4, 1, 2.00),
(5, 2, 0.75),
(6, 2, 1.50),
(7, 2, 3.00),
(8, 2, 0.80),
(9, 3, 0.20),
(10, 3, 1.00),
(11, 3, 1.20),
(12, 3, 0.30),
(13, 4, 5.00),
(14, 4, 0.90),
(15, 4, 0.50),
(16, 4, 0.25),
(17, 5, 0.40),
(18, 5, 0.70),
(19, 5, 0.10),
(20, 5, 0.60),
(21, 6, 20.00),
(22, 6, 10.00),
(23, 6, 5.00),
(24, 7, 10.00),
(25, 7, 3.00),
(26, 8, 2.00),
(27, 8, 0.50),
(28, 9, 1.50),
(29, 9, 1.00),
(30, 9, 0.80),
(31, 10, 3.00),
(32, 10, 2.50),
(33, 10, 0.60),
(34, 11, 2.00),
(35, 11, 0.25),
(36, 11, 1.75),
(37, 12, 2.00),
(38, 12, 3.00),
(39, 13, 0.50),
(40, 13, 1.25),
(41, 13, 1.75),
(42, 14, 0.80),
(43, 14, 2.10),
(44, 14, 0.90),
(45, 15, 1.00),
(46, 15, 1.50),
(47, 16, 1.20),
(48, 16, 0.40),
(49, 17, 0.30),
(50, 17, 2.30),
(51, 18, 0.80),
(52, 18, 0.25),
(53, 18, 0.45),
(54, 19, 1.70),
(55, 19, 1.10),
(56, 20, 2.00),
(57, 20, 2.20),
(58, 21, 0.60),
(59, 22, 0.90),
(60, 23, 1.25),
(61, 24, 1.40),
(62, 25, 3.00),
(63, 26, 2.60),
(64, 27, 2.40),
(65, 28, 0.85),
(66, 29, 0.90),
(67, 30, 1.50),
(68, 31, 1.80),
(69, 32, 2.00),
(70, 33, 2.50);

INSERT INTO orders (id_supplier, order_date, status) VALUES
(1, '2025-04-01 10:15:00', 'Pending'),
(2, '2025-04-02 11:20:00', 'Delivered'),
(3, '2025-04-03 12:25:00', 'Cancelled'),
(4, '2025-04-04 13:30:00', 'Pending'),
(5, '2025-04-05 14:35:00', 'Delivered'),
(6, '2025-04-06 15:40:00', 'Pending'),
(7, '2025-04-07 16:45:00', 'Cancelled'),
(8, '2025-04-08 17:50:00', 'Delivered'),
(9, '2025-04-09 18:55:00', 'Pending'),
(10, '2025-04-10 19:00:00', 'Pending'),
(11, '2025-04-11 20:05:00', 'Delivered'),
(12, '2025-04-12 21:10:00', 'Cancelled'),
(13, '2025-04-13 22:15:00', 'Pending'),
(14, '2025-04-14 23:20:00', 'Pending'),
(15, '2025-04-15 08:25:00', 'Delivered'),
(16, '2025-04-16 09:30:00', 'Pending'),
(17, '2025-04-17 10:35:00', 'Cancelled'),
(18, '2025-04-18 11:40:00', 'Pending'),
(19, '2025-04-19 12:45:00', 'Delivered'),
(20, '2025-04-20 13:50:00', 'Pending'),
(21, '2025-04-21 14:55:00', 'Cancelled'),
(22, '2025-04-22 15:00:00', 'Delivered'),
(23, '2025-04-23 16:05:00', 'Pending'),
(24, '2025-04-24 17:10:00', 'Delivered'),
(25, '2025-04-25 18:15:00', 'Pending'),
(26, '2025-04-26 19:20:00', 'Cancelled'),
(27, '2025-04-27 20:25:00', 'Pending'),
(28, '2025-04-28 21:30:00', 'Delivered'),
(29, '2025-04-29 22:35:00', 'Pending'),
(30, '2025-04-30 23:40:00', 'Cancelled'),
(31, '2025-05-01 08:45:00', 'Pending'),
(32, '2025-05-02 09:50:00', 'Delivered'),
(33, '2025-05-03 10:55:00', 'Pending'),
(34, '2025-05-04 11:00:00', 'Cancelled'),
(35, '2025-05-05 12:05:00', 'Pending'),
(36, '2025-05-06 13:10:00', 'Delivered'),
(37, '2025-05-07 14:15:00', 'Pending'),
(38, '2025-05-08 15:20:00', 'Cancelled'),
(39, '2025-05-09 16:25:00', 'Pending'),
(40, '2025-05-10 17:30:00', 'Delivered'),
(41, '2025-05-11 18:35:00', 'Pending'),
(42, '2025-05-12 19:40:00', 'Cancelled'),
(43, '2025-05-13 20:45:00', 'Pending'),
(44, '2025-05-14 21:50:00', 'Delivered'),
(45, '2025-05-15 22:55:00', 'Pending'),
(46, '2025-05-16 23:00:00', 'Cancelled'),
(47, '2025-05-17 08:05:00', 'Pending'),
(48, '2025-05-18 09:10:00', 'Delivered'),
(49, '2025-05-19 10:15:00', 'Pending'),
(50, '2025-05-20 11:20:00', 'Cancelled'),
(51, '2025-05-21 12:25:00', 'Pending'),
(52, '2025-05-22 13:30:00', 'Delivered'),
(53, '2025-05-23 14:35:00', 'Pending'),
(54, '2025-05-24 15:40:00', 'Cancelled'),
(55, '2025-05-25 16:45:00', 'Pending'),
(56, '2025-05-26 17:50:00', 'Delivered'),
(57, '2025-05-27 18:55:00', 'Pending'),
(58, '2025-05-28 19:00:00', 'Cancelled'),
(59, '2025-05-29 20:05:00', 'Pending'),
(60, '2025-05-30 21:10:00', 'Delivered'),
(61, '2025-05-31 22:15:00', 'Pending'),
(62, '2025-05-31 10:00:00', 'Pending'),
(63, '2025-05-31 11:00:00', 'Delivered'),
(64, '2025-05-31 12:00:00', 'Cancelled'),
(65, '2025-05-31 13:00:00', 'Pending'),
(66, '2025-05-31 14:00:00', 'Pending'),
(67, '2025-05-31 15:00:00', 'Delivered'),
(68, '2025-05-31 16:00:00', 'Pending'),
(69, '2025-05-31 17:00:00', 'Cancelled'),
(70, '2025-05-31 18:00:00', 'Pending');

INSERT INTO order_details (id_order, id_ingredient, quantity, price) VALUES
(1, 1, 2.5, 10.00),
(2, 2, 3.0, 5.50),
(3, 3, 1.0, 12.00),
(4, 4, 4.0, 2.75),
(5, 5, 2.0, 9.25),
(6, 6, 5.0, 4.10),
(7, 7, 2.2, 11.00),
(8, 8, 1.5, 8.20),
(9, 9, 3.3, 6.50),
(10, 10, 4.1, 7.75),
(11, 11, 2.6, 3.60),
(12, 12, 1.2, 9.90),
(13, 13, 5.0, 5.00),
(14, 14, 3.5, 6.80),
(15, 15, 1.8, 4.40),
(16, 16, 2.7, 8.00),
(17, 17, 3.9, 10.10),
(18, 18, 2.1, 9.60),
(19, 19, 4.2, 11.25),
(20, 20, 1.9, 12.00),
(21, 21, 2.5, 10.00),
(22, 22, 3.0, 5.50),
(23, 23, 1.0, 12.00),
(24, 24, 4.0, 2.75),
(25, 25, 2.0, 9.25),
(26, 26, 5.0, 4.10),
(27, 27, 2.2, 11.00),
(28, 28, 1.5, 8.20),
(29, 29, 3.3, 6.50),
(30, 30, 4.1, 7.75),
(31, 31, 2.6, 3.60),
(32, 32, 1.2, 9.90),
(33, 33, 5.0, 5.00),
(34, 34, 3.5, 6.80),
(35, 35, 1.8, 4.40),
(36, 36, 2.7, 8.00),
(37, 37, 3.9, 10.10),
(38, 38, 2.1, 9.60),
(39, 39, 4.2, 11.25),
(40, 40, 1.9, 12.00),
(41, 41, 2.5, 10.00),
(42, 42, 3.0, 5.50),
(43, 43, 1.0, 12.00),
(44, 44, 4.0, 2.75),
(45, 45, 2.0, 9.25),
(46, 46, 5.0, 4.10),
(47, 47, 2.2, 11.00),
(48, 48, 1.5, 8.20),
(49, 49, 3.3, 6.50),
(50, 50, 4.1, 7.75),
(51, 51, 2.6, 3.60),
(52, 52, 1.2, 9.90),
(53, 53, 5.0, 5.00),
(54, 54, 3.5, 6.80),
(55, 55, 1.8, 4.40),
(56, 56, 2.7, 8.00),
(57, 57, 3.9, 10.10),
(58, 58, 2.1, 9.60),
(59, 59, 4.2, 11.25),
(60, 60, 1.9, 12.00),
(61, 61, 2.5, 10.00),
(62, 62, 3.0, 5.50),
(63, 63, 1.0, 12.00),
(64, 64, 4.0, 2.75),
(65, 65, 2.0, 9.25),
(66, 66, 5.0, 4.10),
(67, 67, 2.2, 11.00),
(68, 68, 1.5, 8.20),
(69, 69, 3.3, 6.50),
(70, 70, 4.1, 7.75),
(1, 10, 2.0, 3.00),
(2, 9, 1.5, 6.00),
(3, 8, 3.0, 4.50),
(4, 7, 2.5, 5.25),
(5, 6, 4.0, 7.00),
(6, 5, 1.8, 2.80),
(7, 4, 2.7, 3.90),
(8, 3, 1.3, 4.60),
(9, 2, 3.4, 5.20),
(10, 1, 2.9, 3.10);

INSERT INTO staff_roles (name, description) VALUES
('Gerente General', 'Responsable de la operación completa del restaurante'),
('Subgerente', 'Asistente del gerente general, supervisa operaciones diarias'),
('Chef Ejecutivo', 'Encargado de la cocina y creación de menús'),
('Sous Chef', 'Asistente del chef ejecutivo, supervisa línea de cocina'),
('Chef de Partie', 'Chef especializado en una estación específica de cocina'),
('Cocinero', 'Prepara alimentos según las recetas establecidas'),
('Ayudante de Cocina', 'Asiste en preparaciones básicas y limpieza'),
('Pastelero', 'Especialista en postres y panadería'),
('Bartender', 'Prepara bebidas y cócteles en el bar'),
('Mesero/a', 'Atiende mesas, toma pedidos y sirve alimentos'),
('Anfitrión/a', 'Recibe clientes, asigna mesas y maneja reservaciones'),
('Runner', 'Ayudante de meseros, lleva comida a las mesas'),
('Barman', 'Encargado del área de bar y bebidas'),
('Sommelier', 'Especialista en vinos y maridajes'),
('Cajero/a', 'Maneja pagos y cierre de cuentas'),
('Supervisor de Turno', 'Supervisa operaciones durante un turno específico'),
('Encargado de Almacén', 'Controla inventario y recepción de mercancía'),
('Lavavajillas', 'Limpia y organiza vajilla y utensilios'),
('Personal de Limpieza', 'Mantiene áreas del restaurante limpias'),
('Marketing', 'Encargado de promoción y redes sociales del restaurante');

INSERT INTO staff (name, id_role, phone, hire_date) VALUES
('Juan Pérez Martínez', 1, '12345678', '2018-03-15'),
('María González López', 2, '23456789', '2019-05-22'),
('Carlos Ramírez Díaz', 2, '34567890', '2020-01-10'),
('Ana Fernández Ruiz', 16, '45678901', '2019-11-05'),
('Luis Sánchez Gómez', 16, '56789012', '2021-02-18'),
('Pedro Vargas Castro', 3, '67890123', '2017-08-12'),
('Sofía Mendoza Ríos', 4, '78901234', '2018-06-20'),
('Roberto Jiménez Soto', 5, '89012345', '2019-04-15'),
('Elena Torres Mora', 5, '90123456', '2020-03-22'),
('Jorge Herrera Navarro', 5, '01234567', '2021-07-30'),
('Mónica Vega Campos', 5, '11223344', '2022-01-05'),
('Ricardo Soto Méndez', 6, '22334455', '2021-05-14'),
('Patricia Núñez Guzmán', 6, '33445566', '2020-09-08'),
('Fernando Castro Reyes', 6, '44556677', '2021-11-25'),
('Gabriela Rojas Paredes', 6, '55667788', '2022-02-10'),
('Héctor Medina Silva', 6, '66778899', '2021-08-17'),
('Lucía Díaz Fuentes', 6, '77889900', '2020-12-03'),
('Oscar Ponce León', 6, '88990011', '2021-04-19'),
('Adriana Flores Vega', 6, '99001122', '2022-03-01'),
('Raúl Guerrero Ortiz', 7, '10101010', '2022-05-15'),
('Silvia Romero Paz', 7, '20202020', '2021-10-22'),
('Arturo Morales Luna', 7, '30303030', '2022-04-05'),
('Verónica Cortés Ríos', 7, '40404040', '2021-09-12'),
('Felipe Miranda Cruz', 7, '50505050', '2022-02-28'),
('Daniela Ortega Solís', 8, '60606060', '2020-07-14'),
('José Espinoza Mora', 8, '70707070', '2021-01-20'),
('Camila Ríos Mendoza', 8, '80808080', '2022-06-10'),
('Andrés Navarro Castro', 8, '90909090', '2021-03-25'),
('Valeria Méndez Soto', 8, '12121212', '2022-01-08'),
('Alejandro Gutiérrez Reyes', 9, '23232323', '2019-08-15'),
('Isabel Vargas Campos', 9, '34343434', '2020-05-20'),
('Mauricio Soto Fuentes', 9, '45454545', '2021-02-12'),
('Renata Paredes León', 9, '56565656', '2020-11-08'),
('Gerardo Luna Ortiz', 13, '67676767', '2019-07-03'),
('Paulina Cruz Medina', 13, '78787878', '2021-04-17'),
('Esteban Ríos Guzmán', 14, '89898989', '2018-09-22'),
('Natalia Díaz Navarro', 14, '13131313', '2020-06-14'),
('Laura Méndez Castro', 10, '24242424', '2019-10-05'),
('Diego Campos Soto', 10, '35353535', '2020-03-18'),
('Carolina Fuentes Mora', 10, '46464646', '2021-01-12'),
('Santiago León Ríos', 10, '57575757', '2020-08-22'),
('Fernanda Ortiz Paz', 10, '68686868', '2021-05-30'),
('Javier Guzmán Vega', 10, '79797979', '2022-02-15'),
('Valentina Navarro Luna', 10, '14141414', '2020-11-08'),
('Ricardo Medina Castro', 10, '25252525', '2021-07-25'),
('Mariana Reyes Díaz', 10, '36363636', '2022-04-10'),
('Gustavo Silva Mendoza', 10, '47474747', '2020-09-17'),
('Adrián Vargas Rojas', 10, '58585858', '2021-12-03'),
('Daniela Soto Fuentes', 10, '69696969', '2022-01-19'),
('Roberto Mora León', 10, '15151515', '2020-06-22'),
('Patricia Cruz Ortiz', 10, '26262626', '2021-03-08'),
('Óscar Ríos Paredes', 10, '37373737', '2022-05-12'),
('Lucía Mendoza Guzmán', 10, '48484848', '2020-04-05'),
('Felipe Navarro Soto', 10, '59595959', '2021-08-20'),
('Gabriela Vega Castro', 10, '16161616', '2022-03-15'),
('Héctor Díaz Ríos', 10, '27272727', '2020-10-28'),
('Sandra Fuentes Mora', 10, '38383838', '2021-06-14'),
('Andrea Ponce Medina', 11, '49494949', '2020-02-18'),
('José Luis Rojas Soto', 11, '17171717', '2021-09-05'),
('Marina Castro Díaz', 11, '28282828', '2022-01-22'),
('Rodrigo Méndez Vega', 11, '39393939', '2020-07-30'),
('Paulina Guzmán Luna', 11, '18181818', '2021-04-12'),
('Eduardo Soto Ríos', 12, '29292929', '2021-11-08'),
('Ximena Fuentes Mora', 12, '19191919', '2022-02-25'),
('Arturo León Castro', 12, '12122121', '2020-09-14'),
('Renata Medina Díaz', 12, '23233232', '2021-07-01'),
('Diego Vega Soto', 12, '34344343', '2022-04-18'),
('Mónica Ortiz Rojas', 15, '45455454', '2019-12-05'),
('Raúl Paz Mendoza', 15, '56566565', '2020-08-20'),
('Carolina Castro Fuentes', 15, '67677676', '2021-05-15'),
('Jorge Díaz León', 15, '78788787', '2022-01-10'),
('Fernanda Ríos Soto', 15, '89899889', '2020-10-22'),
('Héctor Guzmán Vega', 17, '91999199', '2018-06-14'),
('Silvia Navarro Mora', 17, '12121213', '2019-03-28'),
('Roberto Méndez Castro', 17, '23232324', '2020-11-15'),
('Marta Soto Díaz', 18, '34343435', '2021-02-08'),
('Francisco Vega Ríos', 18, '45454546', '2020-07-19'),
('Laura Fuentes Medina', 18, '56565657', '2021-04-25'),
('Javier Castro Soto', 18, '67676768', '2022-03-12'),
('Patricia León Guzmán', 18, '78787879', '2020-09-30'),
('Carlos Rojas Méndez', 19, '89898990', '2021-01-14'),
('Gabriela Díaz Vega', 19, '10101011', '2020-06-22'),
('Ricardo Mora Soto', 19, '20202021', '2021-08-05'),
('Mariana Castro Ríos', 19, '30303031', '2022-05-18'),
('Oscar Fuentes León', 19, '40404041', '2020-12-03'),
('Valeria Navarro Mendoza', 20, '50505051', '2019-09-15'),
('Diego Soto Guzmán', 20, '60606061', '2020-04-28');

INSERT INTO branches (location, opening_time, closing_time, phone, email) VALUES
('Centro Comercial Miraflores, Nivel 3, Zona 11, Ciudad de Guatemala', '10:00:00', '22:00:00', '22334455', 'miraflores@restaurante.com'),
('6a Avenida 7-89, Zona 1, Antigua Guatemala', '09:00:00', '21:00:00', '33445566', 'antigua@restaurante.com'),
('Boulevard Los Próceres 25-50, Zona 10, Ciudad de Guatemala', '11:00:00', '23:00:00', '44556677', 'proceres@restaurante.com'),
('Centro Comercial Oakland Mall, Nivel 2, Zona 10', '10:30:00', '22:30:00', '55667788', 'oakland@restaurante.com'),
('5a Calle 12-34, Zona 2, Quetzaltenango', '09:30:00', '21:30:00', '66778899', 'xela@restaurante.com'),
('Carretera a El Salvador, Km 15, Santa Catarina Pinula', '08:00:00', '20:00:00', '77889900', 'pinaula@restaurante.com'),
('Centro Comercial Portales, Nivel 1, Zona 17', '10:00:00', '22:00:00', '88990011', 'portales@restaurante.com'),
('4a Avenida 6-78, Zona 3, Escuintla', '09:00:00', '21:00:00', '99001122', 'escuintla@restaurante.com'),
('Centro Comercial Pradera Concepción, Zona 7', '11:00:00', '23:00:00', '11223344', 'pradera@restaurante.com'),
('Avenida Las Américas 18-90, Zona 13', '12:00:00', '13:00:00', '22334456', 'americas@restaurante.com'),
('Centro Comercial Metro Norte, Nivel 2, Zona 18', '10:00:00', '22:00:00', '33445567', 'metronorte@restaurante.com'),
('7a Calle 3-45, Zona 4, Mixco', '09:30:00', '21:30:00', '44556678', 'mixco@restaurante.com'),
('Centro Comercial Galerías Santo Domingo, Zona 10', '11:00:00', '23:00:00', '55667789', 'galerias@restaurante.com'),
('3a Avenida 8-90, Zona 1, Villa Nueva', '09:00:00', '21:00:00', '66778890', 'villanueva@restaurante.com'),
('Centro Comercial Naranjo Mall, Zona 4', '10:30:00', '22:30:00', '77889901', 'naranjo@restaurante.com'),
('Boulevard Vista Hermosa 12-34, Zona 15', '11:00:00', '23:00:00', '88990012', 'vistahermosa@restaurante.com'),
('5a Avenida 10-20, Zona 2, San Juan Sacatepéquez', '09:00:00', '21:00:00', '99001123', 'sanjuan@restaurante.com'),
('Centro Comercial Majadas, Zona 11', '10:00:00', '22:00:00', '11223345', 'majadas@restaurante.com'),
('Avenida Reforma 8-90, Zona 9', '12:00:00', '15:00:00', '22334457', 'reforma@restaurante.com'),
('Centro Comercial Tikal Futura, Nivel 3, Zona 11', '10:30:00', '22:30:00', '33445568', 'tikalfutura@restaurante.com'),
('6a Calle 7-89, Zona 1, Chimaltenango', '09:00:00', '21:00:00', '44556679', 'chimaltenango@restaurante.com'),
('Centro Comercial La Pradera, Zona 10', '11:00:00', '23:00:00', '55667790', 'lapradera@restaurante.com'),
('2a Avenida 5-67, Zona 3, Huehuetenango', '09:30:00', '21:30:00', '66778891', 'huehue@restaurante.com'),
('Centro Comercial Santa Clara, Zona 7', '10:00:00', '22:00:00', '77889902', 'santaclara@restaurante.com'),
('Boulevard San Cristóbal 9-87, Zona 8', '11:00:00', '23:00:00', '88990013', 'sancristobal@restaurante.com');

INSERT INTO shift_records (id_employee, date, start_time, end_time, id_branch, status, comment) VALUES
(1, '2025-06-01', '10:00:00', '18:00:00', 1, 'Completed', 'Turno normal'),
(2, '2025-06-01', '14:00:00', '22:00:00', 1, 'Completed', NULL),
(3, '2025-06-01', '10:00:00', '18:00:00', 1, 'Completed', 'Capacitación nuevo menú'),
(25, '2025-06-01', '11:00:00', '19:00:00', 1, 'Completed', NULL),
(26, '2025-06-01', '11:00:00', '19:00:00', 1, 'Completed', NULL),
(35, '2025-06-01', '10:00:00', '16:00:00', 1, 'Completed', 'Media jornada'),
(36, '2025-06-01', '16:00:00', '22:00:00', 1, 'Completed', NULL),
(4, '2025-06-01', '09:00:00', '17:00:00', 2, 'Completed', NULL),
(5, '2025-06-01', '13:00:00', '21:00:00', 2, 'Completed', NULL),
(27, '2025-06-01', '09:00:00', '15:00:00', 2, 'Completed', 'Media jornada'),
(28, '2025-06-01', '15:00:00', '21:00:00', 2, 'Completed', NULL),
(37, '2025-06-01', '10:00:00', '18:00:00', 2, 'Completed', NULL),
(38, '2025-06-02', '09:00:00', '17:00:00', 2, 'Scheduled', NULL),
(6, '2025-06-01', '11:00:00', '19:00:00', 3, 'Completed', NULL),
(7, '2025-06-01', '15:00:00', '23:00:00', 3, 'Completed', NULL),
(29, '2025-06-01', '12:00:00', '20:00:00', 3, 'Completed', NULL),
(39, '2025-06-01', '11:00:00', '19:00:00', 3, 'Completed', NULL),
(40, '2025-06-02', '11:00:00', '19:00:00', 3, 'Scheduled', NULL),
(41, '2025-06-02', '15:00:00', '23:00:00', 3, 'Scheduled', NULL),
(8, '2025-06-01', '10:30:00', '18:30:00', 4, 'Completed', NULL),
(9, '2025-06-01', '14:30:00', '22:30:00', 4, 'Completed', NULL),
(30, '2025-06-01', '11:30:00', '19:30:00', 4, 'Completed', NULL),
(42, '2025-06-01', '10:30:00', '18:30:00', 4, 'Completed', NULL),
(43, '2025-06-02', '10:30:00', '18:30:00', 4, 'Scheduled', NULL),
(44, '2025-06-02', '14:30:00', '22:30:00', 4, 'Scheduled', NULL),
(10, '2025-06-01', '09:30:00', '17:30:00', 5, 'Completed', NULL),
(11, '2025-06-01', '13:30:00', '21:30:00', 5, 'Completed', NULL),
(31, '2025-06-01', '10:30:00', '18:30:00', 5, 'Completed', NULL),
(45, '2025-06-02', '09:30:00', '17:30:00', 5, 'Scheduled', NULL),
(46, '2025-06-02', '13:30:00', '21:30:00', 5, 'Scheduled', NULL),
(12, '2025-06-01', '08:00:00', '16:00:00', 6, 'Completed', NULL),
(13, '2025-06-01', '12:00:00', '20:00:00', 6, 'Completed', NULL),
(32, '2025-06-01', '09:00:00', '17:00:00', 6, 'Completed', NULL),
(47, '2025-06-02', '08:00:00', '16:00:00', 6, 'Scheduled', NULL),
(48, '2025-06-02', '12:00:00', '20:00:00', 6, 'Scheduled', NULL),
(14, '2025-06-01', '10:00:00', '18:00:00', 7, 'Completed', NULL),
(15, '2025-06-01', '14:00:00', '22:00:00', 7, 'Completed', NULL),
(33, '2025-06-01', '11:00:00', '19:00:00', 7, 'Completed', NULL),
(49, '2025-06-02', '10:00:00', '18:00:00', 7, 'Scheduled', NULL),
(50, '2025-06-02', '14:00:00', '22:00:00', 7, 'Scheduled', NULL),
(16, '2025-06-01', '09:00:00', '17:00:00', 8, 'Completed', NULL),
(17, '2025-06-01', '13:00:00', '21:00:00', 8, 'Completed', NULL),
(34, '2025-06-01', '10:00:00', '18:00:00', 8, 'Completed', NULL),
(51, '2025-06-02', '09:00:00', '17:00:00', 8, 'Scheduled', NULL),
(52, '2025-06-02', '13:00:00', '21:00:00', 8, 'Scheduled', NULL),
(18, '2025-06-01', '11:00:00', '19:00:00', 9, 'Completed', NULL),
(19, '2025-06-01', '15:00:00', '23:00:00', 9, 'Completed', NULL),
(53, '2025-06-01', '12:00:00', '20:00:00', 9, 'Completed', NULL),
(54, '2025-06-02', '11:00:00', '19:00:00', 9, 'Scheduled', NULL),
(55, '2025-06-02', '15:00:00', '23:00:00', 9, 'Scheduled', NULL),
(20, '2025-06-01', '12:00:00', '20:00:00', 10, 'Completed', NULL),
(21, '2025-06-01', '16:00:00', '20:00:00', 10, 'Completed', NULL),
(56, '2025-06-01', '13:00:00', '21:00:00', 10, 'Completed', NULL),
(57, '2025-06-02', '12:00:00', '20:00:00', 10, 'Scheduled', NULL),
(58, '2025-06-02', '16:00:00', '19:00:00', 10, 'Scheduled', NULL),
(22, '2025-06-01', '10:00:00', '18:00:00', 11, 'Completed', NULL),
(23, '2025-06-01', '14:00:00', '22:00:00', 11, 'Completed', NULL),
(59, '2025-06-01', '11:00:00', '19:00:00', 11, 'Completed', NULL),
(60, '2025-06-02', '10:00:00', '18:00:00', 11, 'Scheduled', NULL),
(61, '2025-06-02', '14:00:00', '22:00:00', 11, 'Scheduled', NULL),
(24, '2025-06-01', '09:30:00', '17:30:00', 12, 'Completed', NULL),
(62, '2025-06-01', '13:30:00', '21:30:00', 12, 'Completed', NULL),
(63, '2025-06-01', '10:30:00', '18:30:00', 12, 'Completed', NULL),
(64, '2025-06-02', '09:30:00', '17:30:00', 12, 'Scheduled', NULL),
(65, '2025-06-02', '13:30:00', '21:30:00', 12, 'Scheduled', NULL),
(66, '2025-06-01', '11:00:00', '19:00:00', 13, 'Completed', NULL),
(67, '2025-06-01', '15:00:00', '23:00:00', 13, 'Completed', NULL),
(68, '2025-06-02', '11:00:00', '19:00:00', 13, 'Scheduled', NULL),
(69, '2025-06-01', '09:00:00', '17:00:00', 14, 'Completed', NULL),
(70, '2025-06-02', '09:00:00', '17:00:00', 14, 'Scheduled', NULL);

INSERT INTO branch_menus (id_branch, id_dish, current_price) VALUES
(1, 1, 38.00),
(1, 5, 52.00),
(1, 12, 78.00),
(1, 18, 98.00),
(1, 23, 45.00),
(1, 27, 85.00),
(1, 35, 42.00),
(1, 42, 55.00),
(1, 50, 65.00),
(1, 68, 28.00),
(2, 2, 58.00),
(2, 8, 48.00),
(2, 15, 82.00),
(2, 22, 120.00),
(2, 30, 40.00),
(2, 38, 52.00),
(2, 45, 68.00),
(2, 60, 32.00),
(3, 3, 62.00),
(3, 10, 44.00),
(3, 19, 110.00),
(3, 33, 75.00),
(3, 47, 58.00),
(3, 55, 72.00),
(4, 4, 42.00),
(4, 14, 76.00),
(4, 21, 125.00),
(4, 29, 88.00),
(4, 40, 48.00),
(4, 52, 62.00),
(5, 6, 55.00),
(5, 17, 96.00),
(5, 26, 92.00),
(5, 37, 75.00),
(5, 49, 58.00),
(3, 25, 50.00),
(6, 7, 62.00),
(6, 16, 85.00),
(6, 24, 95.00),
(6, 32, 70.00),
(6, 44, 52.00),
(6, 57, 65.00),
(7, 9, 40.00),
(7, 20, 130.00),
(7, 31, 68.00),
(8, 11, 80.00),
(8, 13, 85.00),
(8, 28, 95.00),
(8, 36, 78.00),
(8, 48, 62.00),
(8, 59, 42.00),
(9, 34, 72.00),
(9, 39, 50.00),
(9, 46, 65.00),
(9, 53, 58.00),
(9, 61, 45.00),
(15, 29, 85.00),
(10, 41, 48.00),
(10, 51, 68.00),
(10, 56, 75.00),
(10, 63, 52.00),
(10, 66, 42.00),
(10, 70, 38.00),
(11, 58, 65.00),
(11, 62, 55.00),
(11, 64, 72.00),
(11, 67, 48.00),
(11, 69, 58.00),
(24, 2, 54.00),
(12, 1, 36.00),
(12, 5, 50.00),
(12, 12, 75.00),
(12, 18, 95.00),
(12, 23, 42.00),
(12, 27, 82.00),
(13, 2, 56.00),
(13, 8, 46.00),
(13, 15, 80.00),
(13, 22, 118.00),
(13, 30, 38.00),
(20, 34, 70.00),
(14, 3, 60.00),
(14, 10, 42.00),
(14, 19, 108.00),
(14, 25, 48.00),
(7, 43, 55.00),
(7, 54, 72.00),
(15, 4, 40.00),
(15, 14, 74.00),
(15, 21, 122.00),
(16, 6, 53.00),
(16, 17, 94.00),
(16, 26, 90.00),
(17, 7, 60.00),
(17, 16, 83.00),
(17, 24, 93.00),
(18, 9, 38.00),
(18, 20, 128.00),
(21, 41, 46.00),
(19, 11, 78.00),
(19, 13, 83.00),
(22, 58, 63.00),
(23, 1, 35.00),
(25, 3, 58.00);

INSERT INTO tables (id_branch, table_number, capacity) VALUES
(1, 1, 2),
(1, 2, 2),
(1, 3, 4),
(1, 4, 4),
(1, 5, 4),
(1, 6, 6),
(1, 7, 6),
(1, 8, 8),
(1, 9, 8),
(1, 10, 10),
(2, 1, 2),
(2, 2, 2),
(2, 3, 4),
(2, 4, 4),
(2, 5, 6),
(2, 6, 6),
(2, 7, 8),
(2, 8, 10),
(3, 1, 2),
(3, 2, 4),
(3, 3, 4),
(3, 4, 4),
(3, 5, 6),
(3, 6, 8),
(3, 7, 10),
(4, 1, 2),
(4, 2, 2),
(4, 3, 4),
(4, 4, 6),
(4, 5, 6),
(4, 6, 8),
(5, 1, 2),
(5, 2, 4),
(5, 3, 4),
(5, 4, 6),
(5, 5, 8),
(6, 1, 2),
(6, 2, 2),
(6, 3, 4),
(6, 4, 4),
(6, 5, 6),
(6, 6, 8),
(7, 1, 2),
(7, 2, 4),
(7, 3, 4),
(7, 4, 6),
(7, 5, 8),
(8, 1, 2),
(8, 2, 2),
(8, 3, 4),
(8, 4, 4),
(8, 5, 6),
(8, 6, 8),
(9, 1, 2),
(9, 2, 4),
(9, 3, 4),
(9, 4, 6),
(9, 5, 8),
(10, 1, 2),
(10, 2, 2),
(10, 3, 4),
(10, 4, 4),
(10, 5, 6),
(10, 6, 8),
(11, 1, 2),
(11, 2, 4),
(11, 3, 4),
(11, 4, 6),
(11, 5, 8),
(12, 1, 2),
(12, 2, 2),
(12, 3, 4),
(12, 4, 4),
(12, 5, 6),
(12, 6, 8),
(13, 1, 2),
(13, 2, 4),
(13, 3, 4),
(13, 4, 6),
(13, 5, 8),
(14, 1, 2),
(14, 2, 4),
(14, 3, 4),
(14, 4, 6),
(15, 1, 2),
(15, 2, 4),
(15, 3, 4),
(15, 4, 6),
(16, 1, 2),
(16, 2, 4),
(16, 3, 6),
(17, 1, 2),
(17, 2, 4),
(17, 3, 6),
(18, 1, 2),
(18, 2, 4),
(19, 1, 2),
(19, 2, 4),
(20, 1, 4),
(21, 1, 4),
(22, 1, 4),
(23, 1, 4),
(24, 1, 4),
(25, 1, 4),
(1, 1, 2),
(2, 1, 2),
(3, 1, 2),
(4, 1, 2),
(5, 1, 2),
(6, 1, 2),
(7, 1, 2),
(8, 1, 2),
(9, 1, 2),
(10, 1, 2),
(11, 1, 2),
(12, 1, 2),
(13, 1, 2),
(14, 1, 2),
(15, 1, 2),
(16, 1, 2),
(17, 1, 2),
(18, 1, 2),
(19, 1, 2),
(20, 1, 2),
(21, 1, 2),
(22, 1, 2),
(23, 1, 2),
(24, 1, 2),
(25, 1, 2),
(1, 1, 2),
(2, 1, 2),
(3, 1, 2),
(4, 1, 2),
(5, 1, 2),
(6, 1, 2),
(7, 1, 2),
(8, 1, 2),
(9, 1, 2),
(10, 1, 2),
(11, 1, 2),
(12, 1, 2),
(13, 1, 2),
(14, 1, 2),
(15, 1, 2),
(16, 1, 2),
(17, 1, 2),
(18, 1, 2),
(19, 1, 2),
(20, 1, 2);

INSERT INTO customers (name, phone, email) VALUES
('María González Pérez', '12345678', 'maria.gonzalez@email.com'),
('Juan López Martínez', '23456789', 'juan.lopez@email.com'),
('Ana Rodríguez Sánchez', '34567890', 'ana.rodriguez@email.com'),
('Carlos Hernández García', '45678901', 'carlos.hernandez@email.com'),
('Laura Martínez Fernández', '56789012', 'laura.martinez@email.com'),
('Pedro Díaz Gómez', '67890123', 'pedro.diaz@email.com'),
('Sofía Pérez Ruiz', '78901234', 'sofia.perez@email.com'),
('Jorge Sánchez López', '89012345', 'jorge.sanchez@email.com'),
('Elena Ramírez Torres', '90123456', 'elena.ramirez@email.com'),
('Miguel Castro Vargas', '01234567', 'miguel.castro@email.com'),
('Isabel Mendoza Ríos', '11223344', 'isabel.mendoza@email.com'),
('Roberto Jiménez Soto', '22334455', 'roberto.jimenez@email.com'),
('Carmen Torres Mora', '33445566', 'carmen.torres@email.com'),
('Fernando Herrera Navarro', '44556677', 'fernando.herrera@email.com'),
('Adriana Vega Campos', '55667788', 'adriana.vega@email.com'),
('Ricardo Soto Méndez', '66778899', 'ricardo.soto@email.com'),
('Patricia Núñez Guzmán', '77889900', 'patricia.nunez@email.com'),
('Oscar Castro Reyes', '88990011', 'oscar.castro@email.com'),
('Gabriela Rojas Paredes', '99001122', 'gabriela.rojas@email.com'),
('Héctor Medina Silva', '10101010', 'hector.medina@email.com'),
('Lucía Díaz Fuentes', '20202020', 'lucia.diaz@email.com'),
('Raúl Ponce León', '30303030', 'raul.ponce@email.com'),
('Silvia Flores Vega', '40404040', 'silvia.flores@email.com'),
('Arturo Guerrero Ortiz', '50505050', 'arturo.guerrero@email.com'),
('Verónica Romero Paz', '60606060', 'veronica.romero@email.com'),
('Felipe Morales Luna', '70707070', 'felipe.morales@email.com'),
('Daniela Cortés Ríos', '80808080', 'daniela.cortes@email.com'),
('José Miranda Cruz', '90909090', 'jose.miranda@email.com'),
('Camila Ortega Solís', '12121212', 'camila.ortega@email.com'),
('Andrés Espinoza Mora', '23232323', 'andres.espinoza@email.com'),
('Valeria Ríos Mendoza', '34343434', 'valeria.rios@email.com'),
('Diego Navarro Castro', '45454545', 'diego.navarro@email.com'),
('Mariana Méndez Soto', '56565656', 'mariana.mendez@email.com'),
('Gustavo Mora León', '67676767', 'gustavo.mora@email.com'),
('Adrián Cruz Ortiz', '78787878', 'adrian.cruz@email.com'),
('Daniel Ríos Paredes', '89898989', 'daniel.rios@email.com'),
('Roberto Mendoza Guzmán', '13131313', 'roberto.mendoza@email.com'),
('Patricia Navarro Soto', '24242424', 'patricia.navarro@email.com'),
('Óscar Vega Castro', '35353535', 'oscar.vega@email.com'),
('Lucía Ríos Díaz', '46464646', 'lucia.rios@email.com'),
('Felipe Fuentes Medina', '57575757', 'felipe.fuentes@email.com'),
('Gabriela León Guzmán', '68686868', 'gabriela.leon@email.com'),
('Héctor Castro Soto', '79797979', 'hector.castro@email.com'),
('Sandra Rojas Méndez', '14141414', 'sandra.rojas@email.com'),
('Ricardo Díaz Vega', '25252525', 'ricardo.diaz@email.com'),
('Mariana Mora Soto', '36363636', 'mariana.mora@email.com'),
('Oscar Castro Ríos', '47474747', 'oscar.castro2@email.com'),
('Fernanda Fuentes León', '58585858', 'fernanda.fuentes@email.com'),
('Javier Soto Guzmán', '69696969', 'javier.soto@email.com'),
('Ximena Ríos Mendoza', '15151515', 'ximena.rios@email.com'),
('Arturo Fuentes Mora', '26262626', 'arturo.fuentes@email.com'),
('Renata León Castro', '37373737', 'renata.leon@email.com'),
('Diego Medina Díaz', '48484848', 'diego.medina@email.com'),
('Valentina Vega Soto', '59595959', 'valentina.vega@email.com'),
('Raúl Ríos Mendoza', '16161616', 'raul.rios@email.com'),
('Silvia Fuentes Guzmán', '27272727', 'silvia.fuentes@email.com'),
('Roberto Navarro Mora', '38383838', 'roberto.navarro@email.com'),
('Mariana Soto Díaz', '49494949', 'mariana.soto@email.com'),
('Francisco Vega Ríos', '17171717', 'francisco.vega@email.com'),
('Laura Fuentes Medina', '28282828', 'laura.fuentes@email.com'),
('Javier Castro Soto', '39393939', 'javier.castro@email.com'),
('Patricia León Guzmán', '18181818', 'patricia.leon@email.com'),
('Carlos Rojas Méndez', '29292929', 'carlos.rojas@email.com'),
('Gabriela Díaz Vega', '19191919', 'gabriela.diaz@email.com'),
('Ricardo Mora Soto', '12122121', 'ricardo.mora@email.com'),
('Mariana Castro Ríos', '23233232', 'mariana.castro@email.com'),
('Oscar Fuentes León', '34344343', 'oscar.fuentes@email.com'),
('Valeria Navarro Mendoza', '45455454', 'valeria.navarro@email.com'),
('Diego Soto Guzmán', '56566565', 'diego.soto@email.com');

INSERT INTO table_customers (id_customer, id_waiter_shift, arrival_time, departure_time) VALUES
(1, 1, '2025-06-01 12:15:00', '2025-06-01 13:45:00'),
(2, 1, '2025-06-01 12:30:00', '2025-06-01 14:00:00'),
(3, 2, '2025-06-01 14:15:00', '2025-06-01 15:30:00'),
(4, 2, '2025-06-01 14:30:00', '2025-06-01 16:00:00'),
(5, 3, '2025-06-01 12:45:00', '2025-06-01 14:15:00'),
(6, 3, '2025-06-01 13:00:00', '2025-06-01 14:30:00'),
(7, 4, '2025-06-01 19:00:00', '2025-06-01 20:30:00'),
(8, 4, '2025-06-01 19:15:00', '2025-06-01 21:00:00'),
(9, 5, '2025-06-01 13:30:00', '2025-06-01 15:00:00'),
(10, 5, '2025-06-01 13:45:00', '2025-06-01 15:15:00'),
(11, 11, '2025-06-01 10:00:00', '2025-06-01 11:30:00'),
(12, 11, '2025-06-01 10:15:00', '2025-06-01 12:00:00'),
(13, 12, '2025-06-01 14:00:00', '2025-06-01 15:30:00'),
(14, 12, '2025-06-01 14:30:00', '2025-06-01 16:00:00'),
(15, 13, '2025-06-01 09:30:00', '2025-06-01 11:00:00'),
(16, 13, '2025-06-01 10:00:00', '2025-06-01 11:45:00'),
(17, 14, '2025-06-01 15:30:00', '2025-06-01 17:00:00'),
(18, 14, '2025-06-01 16:00:00', '2025-06-01 17:30:00'),
(19, 15, '2025-06-01 11:00:00', '2025-06-01 12:30:00'),
(20, 15, '2025-06-01 11:30:00', '2025-06-01 13:00:00'),
(21, 21, '2025-06-01 12:00:00', '2025-06-01 13:30:00'),
(22, 21, '2025-06-01 12:30:00', '2025-06-01 14:00:00'),
(23, 22, '2025-06-01 15:30:00', '2025-06-01 17:00:00'),
(24, 22, '2025-06-01 16:00:00', '2025-06-01 17:30:00'),
(25, 23, '2025-06-01 13:00:00', '2025-06-01 14:30:00'),
(26, 23, '2025-06-01 13:30:00', '2025-06-01 15:00:00'),
(27, 24, '2025-06-01 19:00:00', '2025-06-01 20:30:00'),
(28, 24, '2025-06-01 19:30:00', '2025-06-01 21:00:00'),
(29, 25, '2025-06-01 12:15:00', '2025-06-01 13:45:00'),
(30, 25, '2025-06-01 12:45:00', '2025-06-01 14:15:00'),
(31, 31, '2025-06-01 11:30:00', '2025-06-01 13:00:00'),
(32, 31, '2025-06-01 12:00:00', '2025-06-01 13:30:00'),
(33, 32, '2025-06-01 14:30:00', '2025-06-01 16:00:00'),
(34, 32, '2025-06-01 15:00:00', '2025-06-01 16:30:00'),
(35, 33, '2025-06-01 12:30:00', '2025-06-01 14:00:00'),
(36, 33, '2025-06-01 13:00:00', '2025-06-01 14:30:00'),
(37, 34, '2025-06-01 19:30:00', '2025-06-01 21:00:00'),
(38, 34, '2025-06-01 20:00:00', '2025-06-01 21:30:00'),
(39, 35, '2025-06-01 11:45:00', '2025-06-01 13:15:00'),
(40, 35, '2025-06-01 12:15:00', '2025-06-01 13:45:00'),
(41, 41, '2025-06-01 10:30:00', '2025-06-01 12:00:00'),
(42, 41, '2025-06-01 11:00:00', '2025-06-01 12:30:00'),
(43, 42, '2025-06-01 14:00:00', '2025-06-01 15:30:00'),
(44, 42, '2025-06-01 14:30:00', '2025-06-01 16:00:00'),
(45, 43, '2025-06-01 12:00:00', '2025-06-01 13:30:00'),
(46, 43, '2025-06-01 12:30:00', '2025-06-01 14:00:00'),
(47, 44, '2025-06-01 18:30:00', '2025-06-01 20:00:00'),
(48, 44, '2025-06-01 19:00:00', '2025-06-01 20:30:00'),
(49, 45, '2025-06-01 11:15:00', '2025-06-01 12:45:00'),
(50, 45, '2025-06-01 11:45:00', '2025-06-01 13:15:00'),
(51, 51, '2025-06-01 10:00:00', '2025-06-01 11:30:00'),
(52, 51, '2025-06-01 10:30:00', '2025-06-01 12:00:00'),
(53, 52, '2025-06-01 13:30:00', '2025-06-01 15:00:00'),
(54, 52, '2025-06-01 14:00:00', '2025-06-01 15:30:00'),
(55, 53, '2025-06-01 11:30:00', '2025-06-01 13:00:00'),
(56, 53, '2025-06-01 12:00:00', '2025-06-01 13:30:00'),
(57, 54, '2025-06-01 18:00:00', '2025-06-01 19:30:00'),
(58, 54, '2025-06-01 18:30:00', '2025-06-01 20:00:00'),
(59, 55, '2025-06-01 10:45:00', '2025-06-01 12:15:00'),
(60, 55, '2025-06-01 11:15:00', '2025-06-01 12:45:00'),
(61, 61, '2025-06-01 11:00:00', '2025-06-01 12:30:00'),
(62, 61, '2025-06-01 11:30:00', '2025-06-01 13:00:00'),
(63, 62, '2025-06-01 14:30:00', '2025-06-01 16:00:00'),
(64, 62, '2025-06-01 15:00:00', '2025-06-01 16:30:00'),
(65, 63, '2025-06-01 12:15:00', '2025-06-01 13:45:00'),
(66, 63, '2025-06-01 12:45:00', '2025-06-01 14:15:00'),
(67, 64, '2025-06-01 19:00:00', '2025-06-01 20:30:00'),
(68, 64, '2025-06-01 19:30:00', '2025-06-01 21:00:00'),
(69, 65, '2025-06-01 10:30:00', '2025-06-01 12:00:00'),
(1, 65, '2025-06-01 11:00:00', '2025-06-01 12:30:00');

INSERT INTO invoices (id_customer, invoice_date) VALUES
(1, '2025-05-01 13:50:00'),
(1, '2025-05-08 14:15:00'),
(1, '2025-05-15 12:30:00'),
(1, '2025-05-22 19:45:00'),
(1, '2025-05-29 20:30:00'),
(2, '2025-05-02 14:20:00'),
(2, '2025-05-09 13:10:00'),
(2, '2025-05-16 20:15:00'),
(2, '2025-05-23 19:30:00'),
(3, '2025-05-03 12:45:00'),
(3, '2025-05-10 13:25:00'),
(3, '2025-05-17 18:40:00'),
(4, '2025-05-04 19:15:00'),
(4, '2025-05-11 20:05:00'),
(4, '2025-05-18 13:50:00'),
(5, '2025-05-05 14:30:00'),
(5, '2025-05-12 12:15:00'),
(5, '2025-05-19 19:20:00'),
(6, '2025-05-06 13:40:00'),
(6, '2025-05-13 20:25:00'),
(7, '2025-05-07 12:50:00'),
(7, '2025-05-14 19:35:00'),
(8, '2025-05-08 14:10:00'),
(8, '2025-05-15 18:45:00'),
(9, '2025-05-09 13:20:00'),
(9, '2025-05-16 20:10:00'),
(10, '2025-05-10 12:30:00'),
(10, '2025-05-17 19:15:00'),
(11, '2025-05-11 14:45:00'),
(11, '2025-05-18 13:25:00'),
(12, '2025-05-12 12:40:00'),
(12, '2025-05-19 20:20:00'),
(13, '2025-05-13 13:50:00'),
(13, '2025-05-20 19:30:00'),
(14, '2025-05-14 14:15:00'),
(14, '2025-05-21 18:45:00'),
(15, '2025-05-15 12:25:00'),
(15, '2025-05-22 20:15:00'),
(16, '2025-05-16 13:35:00'),
(16, '2025-05-23 19:25:00'),
(17, '2025-05-17 14:45:00'),
(17, '2025-05-24 18:30:00'),
(18, '2025-05-18 12:15:00'),
(18, '2025-05-25 20:05:00'),
(19, '2025-05-19 13:25:00'),
(19, '2025-05-26 19:15:00'),
(20, '2025-05-20 14:35:00'),
(20, '2025-05-27 18:25:00'),
(21, '2025-05-21 12:45:00'),
(22, '2025-05-22 13:55:00'),
(23, '2025-05-23 19:05:00'),
(24, '2025-05-24 14:15:00'),
(25, '2025-05-25 12:25:00'),
(26, '2025-05-26 20:35:00'),
(27, '2025-05-27 13:45:00'),
(28, '2025-05-28 19:55:00'),
(29, '2025-05-29 14:05:00'),
(30, '2025-05-30 12:15:00');

INSERT INTO invoice_details (id_invoice, id_dish, quantity, unit_price) VALUES
(1, 5, 1, 52.00),
(1, 12, 2, 78.00),
(1, 35, 1, 42.00),
(2, 18, 1, 98.00),
(2, 23, 1, 45.00),
(3, 27, 1, 85.00),
(3, 42, 2, 55.00),
(3, 50, 1, 65.00),
(4, 68, 3, 28.00),
(4, 1, 1, 38.00),
(5, 2, 1, 58.00),
(5, 8, 1, 48.00),
(6, 15, 1, 82.00),
(6, 22, 1, 120.00),
(6, 30, 2, 40.00),
(7, 38, 1, 52.00),
(7, 45, 1, 68.00),
(8, 60, 4, 32.00),
(9, 3, 1, 62.00),
(9, 10, 1, 44.00),
(10, 19, 1, 110.00),
(10, 25, 2, 50.00),
(10, 33, 1, 75.00),
(11, 47, 1, 58.00),
(11, 55, 1, 72.00),
(12, 4, 3, 42.00),
(13, 14, 1, 76.00),
(13, 21, 1, 125.00),
(14, 29, 1, 88.00),
(14, 40, 2, 48.00),
(14, 52, 1, 62.00),
(15, 6, 1, 55.00),
(15, 17, 1, 96.00),
(16, 26, 2, 92.00),
(17, 37, 1, 75.00),
(17, 49, 1, 58.00),
(18, 7, 1, 62.00),
(18, 16, 1, 85.00),
(18, 24, 1, 95.00),
(19, 32, 1, 70.00),
(19, 44, 2, 52.00),
(20, 57, 1, 65.00),
(21, 9, 2, 40.00),
(21, 20, 1, 130.00),
(22, 31, 1, 68.00),
(22, 43, 1, 55.00),
(22, 54, 1, 72.00),
(23, 11, 1, 80.00),
(23, 13, 1, 85.00),
(24, 28, 3, 95.00),
(25, 36, 1, 78.00),
(25, 48, 1, 62.00),
(26, 59, 1, 42.00),
(26, 34, 1, 72.00),
(26, 39, 2, 50.00),
(27, 46, 1, 65.00),
(27, 53, 1, 58.00),
(28, 61, 1, 45.00),
(29, 41, 2, 48.00),
(29, 51, 1, 68.00),
(30, 56, 1, 75.00),
(30, 63, 1, 52.00),
(30, 66, 2, 42.00),
(31, 70, 1, 38.00),
(32, 58, 1, 65.00),
(32, 62, 1, 55.00),
(33, 64, 1, 72.00),
(33, 67, 2, 48.00),
(33, 69, 1, 58.00),
(34, 1, 1, 36.00),
(34, 5, 1, 50.00),
(35, 12, 2, 75.00),
(36, 18, 1, 95.00),
(36, 23, 1, 42.00),
(37, 27, 1, 82.00),
(37, 2, 1, 56.00),
(37, 8, 1, 46.00),
(38, 15, 1, 80.00),
(38, 22, 1, 118.00),
(39, 30, 3, 38.00),
(40, 3, 1, 60.00),
(40, 10, 1, 42.00),
(41, 19, 1, 108.00),
(42, 25, 1, 48.00),
(42, 4, 1, 40.00),
(43, 14, 1, 74.00),
(43, 21, 1, 122.00),
(43, 29, 1, 85.00),
(44, 6, 1, 53.00),
(44, 17, 1, 94.00),
(45, 26, 2, 90.00),
(46, 7, 1, 60.00),
(46, 16, 1, 83.00),
(47, 24, 1, 93.00),
(47, 9, 1, 38.00),
(47, 20, 1, 128.00),
(48, 11, 1, 78.00),
(48, 13, 1, 83.00),
(49, 34, 2, 70.00),
(50, 41, 1, 46.00),
(50, 58, 1, 63.00),
(50, 3, 1, 60.00),
(50, 15, 1, 80.00),
(51, 22, 1, 120.00),
(51, 35, 2, 42.00),
(51, 47, 1, 58.00),
(52, 5, 1, 52.00),
(52, 18, 1, 98.00),
(53, 27, 1, 85.00),
(53, 33, 1, 75.00),
(53, 40, 1, 48.00),
(54, 12, 1, 78.00),
(54, 29, 1, 88.00),
(55, 7, 1, 62.00),
(55, 14, 1, 76.00),
(55, 21, 1, 125.00),
(56, 9, 2, 40.00),
(56, 16, 1, 85.00),
(57, 25, 1, 50.00),
(57, 37, 1, 75.00),
(58, 42, 1, 55.00),
(58, 50, 1, 65.00),
(58, 68, 2, 28.00);